lug_codigo;lug_id;lug_nombre;lug_nivel;lug_referencia
1;593;ECUADOR;1;
2;01;Provincia del Azuay;2;1
3;02;Provincia de Bolívar;2;1
4;03;Provincia de Cañar;2;1
5;04;Provincia del Carchi;2;1
6;05;Provincia de Cotopaxi;2;1
7;06;Provincia de Chimborazo;2;1
8;07;Provincia de El Oro;2;1
9;08;Provincia de Esmeraldas;2;1
10;09;Provincia del Guayas;2;1
11;10;Provincia de Imbabura;2;1
12;11;Provincia de Loja;2;1
13;12;Provincia de Los Ríos;2;1
14;13;Provincia de Manabí;2;1
15;14;Provincia de Morona Santiago;2;1
16;15;Provincia de Napo;2;1
17;16;Provincia de Pastaza;2;1
18;17;Provincia de Pichincha;2;1
19;18;Provincia del Tungurahua;2;1
20;19;Provincia de Zamora;2;1
21;20;Provincia de Galápagos;2;1
22;21;Provincia de Sucumbíos;2;1
23;22;Provincia de Orellana;2;1
24;23;Provincia de Santo Domingo de Los Tsáchilas;2;1
25;24;Provincia de Santa Elena;2;1
26;0101;CUENCA;3;2
27;0102;GIRON;3;2
28;0103;GUALACEO;3;2
29;0104;NABON;3;2
30;0105;PAUTE;3;2
31;0106;PUCARA;3;2
32;0107;SAN FERNANDO;3;2
33;0108;SANTA ISABEL;3;2
34;0109;SIGSIG;3;2
35;0110;OÑA;3;2
36;0111;CHORDELEG;3;2
37;0112;EL PAN;3;2
38;0113;SEVILLA DE ORO;3;2
39;0114;GUACHAPALA;3;2
40;0115;CAMILO PONCE ENRIQUEZ;3;2
41;0201;GUARANDA;3;3
42;0202;CHILLANES;3;3
43;0203;CHIMBO;3;3
44;0204;ECHEANDIA;3;3
45;0205;SAN MIGUEL;3;3
46;0206;CALUMA;3;3
47;0207;LAS NAVES;3;3
48;0301;AZOGUES;3;4
49;0302;BIBLIAN;3;4
50;0303;CAÑAR;3;4
51;0304;LA TRONCAL;3;4
52;0305;EL TAMBO;3;4
53;0306;DELEG;3;4
54;0307;SUSCAL;3;4
55;0401;TULCAN;3;5
56;0402;BOLIVAR;3;5
57;0403;ESPEJO;3;5
58;0404;MIRA;3;5
59;0405;MONTUFAR;3;5
60;0406;SAN PEDRO DE HUACA;3;5
61;0501;LATACUNGA;3;6
62;0502;LA MANA;3;6
63;0503;PANGUA;3;6
64;0504;PUJILI;3;6
65;0505;SALCEDO;3;6
66;0506;SAQUISILI;3;6
67;0507;SIGCHOS;3;6
68;0601;RIOBAMBA;3;7
69;0602;ALAUSI;3;7
70;0603;COLTA;3;7
71;0604;CHAMBO;3;7
72;0605;CHUNCHI;3;7
73;0606;GUAMOTE;3;7
74;0607;GUANO;3;7
75;0608;PALLATANGA;3;7
76;0609;PENIPE;3;7
77;0610;CUMANDA;3;7
78;0701;MACHALA;3;8
79;0702;ARENILLAS;3;8
80;0703;ATAHUALPA;3;8
81;0704;BALSAS;3;8
82;0705;CHILLA;3;8
83;0706;EL GUABO;3;8
84;0707;HUAQUILLAS;3;8
85;0708;MARCABELI;3;8
86;0709;PASAJE;3;8
87;0710;PIÑAS;3;8
88;0711;PORTOVELO;3;8
89;0712;SANTA ROSA;3;8
90;0713;ZARUMA;3;8
91;0714;LAS LAJAS;3;8
92;0801;ESMERALDAS;3;9
93;0802;ELOY ALFARO;3;9
94;0803;MUISNE;3;9
95;0804;QUININDE;3;9
96;0805;SAN LORENZO;3;9
97;0806;ATACAMES;3;9
98;0807;RIOVERDE;3;9
99;0901;GUAYAQUIL;3;10
100;0902;ALFREDO BAQUERIZO MORENO (JUJAN);3;10
101;0903;BALAO;3;10
102;0904;BALZAR;3;10
103;0905;COLIMES;3;10
104;0906;DAULE;3;10
105;0907;DURAN;3;10
106;0908;EL EMPALME;3;10
107;0909;EL TRIUNFO;3;10
108;0910;MILAGRO;3;10
109;0911;NARANJAL;3;10
110;0912;NARANJITO;3;10
111;0913;PALESTINA;3;10
112;0914;PEDRO CARBO;3;10
113;0916;SAMBORONDON;3;10
114;0918;SANTA LUCIA;3;10
115;0919;URBINA JADO;3;10
116;0920;YAGUACHI;3;10
117;0921;PLAYAS;3;10
118;0922;SIMON BOLIVAR;3;10
119;0923;CORONEL MARCELINO MARIDUEÑA;3;10
120;0924;LOMAS DE SARGENTILLO;3;10
121;0925;NOBOL;3;10
122;0927;GENERAL ANTONIO ELIZALDE;3;10
123;0928;ISIDRO AYORA;3;10
124;1001;IBARRA;3;11
125;1002;ANTONIO ANTE;3;11
126;1003;COTACACHI;3;11
127;1004;OTAVALO;3;11
128;1005;PIMAMPIRO;3;11
129;1006;SAN MIGUEL DE URCUQUI;3;11
130;1101;LOJA;3;12
131;1102;CALVAS;3;12
132;1103;CATAMAYO;3;12
133;1104;CELICA;3;12
134;1105;CHAGUARPAMBA;3;12
135;1106;ESPINDOLA;3;12
136;1107;GONZANAMA;3;12
137;1108;MACARA;3;12
138;1109;PALTAS;3;12
139;1110;PUYANGO;3;12
140;1111;SARAGURO;3;12
141;1112;SOZORANGA;3;12
142;1113;ZAPOTILLO;3;12
143;1114;PINDAL;3;12
144;1115;QUILANGA;3;12
145;1116;OLMEDO;3;12
146;1201;BABAHOYO;3;13
147;1202;BABA;3;13
148;1203;MONTALVO;3;13
149;1204;PUEBLOVIEJO;3;13
150;1205;QUEVEDO;3;13
151;1206;URDANETA;3;13
152;1207;VENTANAS;3;13
153;1208;VINCES;3;13
154;1209;PALENQUE;3;13
155;1210;BUENA FE;3;13
156;1211;VALENCIA;3;13
157;1212;MOCACHE;3;13
158;1213;QUINSALOMA;3;13
159;1301;PORTOVIEJO;3;14
160;1302;BOLIVAR;3;14
161;1303;CHONE;3;14
162;1304;EL CARMEN;3;14
163;1305;FLAVIO ALFARO;3;14
164;1306;JIPIJAPA;3;14
165;1307;JUNIN;3;14
166;1308;MANTA;3;14
167;1309;MONTECRISTI;3;14
168;1310;PAJAN;3;14
169;1311;PICHINCHA;3;14
170;1312;ROCAFUERTE;3;14
171;1313;SANTA ANA;3;14
172;1314;SUCRE;3;14
173;1315;TOSAGUA;3;14
174;1316;24 DE MAYO;3;14
175;1317;PEDERNALES;3;14
176;1318;OLMEDO;3;14
177;1319;PUERTO LOPEZ;3;14
178;1320;JAMA;3;14
179;1321;JARAMIJO;3;14
180;1322;SAN VICENTE;3;14
181;1401;MORONA;3;15
182;1402;GUALAQUIZA;3;15
183;1403;LIMON INDANZA;3;15
184;1404;PALORA;3;15
185;1405;SANTIAGO;3;15
186;1406;SUCUA;3;15
187;1407;HUAMBOYA;3;15
188;1408;SAN JUAN BOSCO;3;15
189;1409;TAISHA;3;15
190;1410;LOGROÑO;3;15
191;1411;PABLO SEXTO;3;15
192;1412;TIWINTZA;3;15
193;1501;TENA;3;16
194;1503;ARCHIDONA;3;16
195;1504;EL CHACO;3;16
196;1507;QUIJOS;3;16
197;1509;CARLOS JULIO AROSEMENA TOLA;3;16
198;1601;PASTAZA;3;17
199;1602;MERA;3;17
200;1603;SANTA CLARA;3;17
201;1604;ARAJUNO;3;17
202;1701;DISTRITO METROPOLITANO DE QUITO;3;18
203;1702;CAYAMBE;3;18
204;1703;MEJIA;3;18
205;1704;PEDRO MONCAYO;3;18
206;1705;RUMIÑAHUI;3;18
207;1706;SAN MIGUEL DE LOS BANCOS;3;18
208;1707;PEDRO VICENTE MALDONADO;3;18
209;1708;PUERTO QUITO;3;18
210;1801;AMBATO;3;19
211;1802;BAÑOS DE AGUA SANTA;3;19
212;1803;CEVALLOS;3;19
213;1804;MOCHA;3;19
214;1805;PATATE;3;19
215;1806;QUERO;3;19
216;1807;PELILEO;3;19
217;1808;PILLARO;3;19
218;1809;TISALEO;3;19
219;1901;ZAMORA;3;20
220;1902;CHINCHIPE;3;20
221;1903;NANGARITZA;3;20
222;1904;YACUAMBI;3;20
223;1905;YANTZAZA;3;20
224;1906;EL PANGUI;3;20
225;1907;CENTINELA DEL CONDOR;3;20
226;1908;PALANDA;3;20
227;1909;PAQUISHA;3;20
228;2001;SAN CRISTOBAL;3;21
229;2002;ISABELA;3;21
230;2003;SANTA CRUZ;3;21
231;2101;LAGO AGRIO;3;22
232;2102;GONZALO PIZARRO;3;22
233;2103;PUTUMAYO;3;22
234;2104;SHUSHUFINDI;3;22
235;2105;SUCUMBIOS;3;22
236;2106;CASCALES;3;22
237;2107;CUYABENO;3;22
238;2201;ORELLANA;3;23
239;2202;AGUARICO;3;23
240;2203;LA JOYA DE LOS SACHAS;3;23
241;2204;LORETO;3;23
242;2301;SANTO DOMINGO;3;24
243;2302;LA CONCORDIA;3;24
244;2401;SANTA ELENA;3;25
245;2402;LA LIBERTAD;3;25
246;2403;SALINAS;3;25
247;010171;VICTORIA DEL PORTETE (IRQUIS);4;26
248;010170;VALLE;4;26
249;010169;TURI;4;26
250;010168;TARQUI;4;26
251;010167;SININCAY;4;26
252;010166;SIDCAY;4;26
253;010165;SAYAUSI;4;26
254;010164;SANTA ANA;4;26
255;010163;SAN JOAQUIN;4;26
256;010162;RICAURTE;4;26
257;010161;QUINGEO;4;26
258;010160;PACCHA;4;26
259;010159;OCTAVIO CORDERO PALACIOS (STA. ROSA);4;26
260;010158;NULTI;4;26
261;010157;MOLLETURO;4;26
262;010156;LLACAO;4;26
263;010155;CHIQUINTAD;4;26
264;010154;CHECA (JIDCAY);4;26
265;010153;CHAUCHA;4;26
266;010152;CUMBE;4;26
267;010151;BAÑOS;4;26
268;010150;CUENCA;4;26
269;010115;HERMANO MIGUEL;4;26
270;010114;YANUNCAY;4;26
271;010113;TOTORACOCHA;4;26
272;010112;SUCRE;4;26
273;010111;SAN SEBASTIÁN;4;26
274;010110;SAN BLAS;4;26
275;010109;MONAY;4;26
276;010108;MACHÁNGARA;4;26
277;010107;HUAYNACÁPAC;4;26
278;010106;GIL RAMÍREZ DÁVALOS;4;26
279;010105;EL VECINO;4;26
280;010104;EL SAGRARIO;4;26
281;010103;EL BATÁN;4;26
282;010102;CAÑARIBAMBA;4;26
283;010101;BELLAVISTA;4;26
284;010251;ASUNCION;4;27
285;010252;SAN GERARDO;4;27
286;010250;GIRON;4;27
287;010360;SIMON BOLIVAR (CAB. EN GAÑANZOL);4;28
288;010357;SAN JUAN;4;28
289;010356;REMIGIO CRESPO TORAL (GULAG);4;28
290;010358;ZHIDMAD;4;28
291;010359;LUIS CORDERO VEGA;4;28
292;010352;DANIEL CORDOVA TORAL (EL ORIENTE);4;28
293;010353;JADAN;4;28
294;010354;MARIANO MORENO;4;28
295;010350;GUALACEO;4;28
296;010451;COCHAPATA;4;29
297;010452;EL PROGRESO (CAB. EN ZHOTA);4;29
298;010453;LAS NIEVES (CHAYA);4;29
299;010450;NABON;4;29
300;010554;EL CABO;4;30
301;010559;SAN CRISTOBAL (CARLOS ORDOÑEZ LAZO);4;30
302;010553;CHICAN (GUILLERMO ORTEGA);4;30
303;010562;DUG DUG;4;30
304;010561;TOMEBAMBA;4;30
305;010552;BULAN (JOSE VICTOR IZQUIERDO);4;30
306;010556;GUARAINAG;4;30
307;010550;PAUTE;4;30
308;010652;SAN RAFAEL DE SHARUG;4;31
309;010650;PUCARA;4;31
310;010751;CHUMBLIN;4;32
311;010750;SAN FERNANDO;4;32
312;010851;ABDON CALDERON (LA UNION);4;33
313;010854;SAN SALVADOR DE CAÑARIBAMBA;4;33
314;010853;ZHAGLLI (SHAGLLI );4;33
315;010852;EL CARMEN DE PIJILI;4;33
316;010850;SANTA ISABEL (CHAGUARURCO);4;33
317;010952;GIMA;4;34
318;010956;SAN JOSE DE RARANGA;4;34
319;010951;CUCHIL (CUTCHIL);4;34
320;010954;LUDO;4;34
321;010953;GUEL;4;34
322;010955;SAN BARTOLOME;4;34
323;010950;SIGSIG;4;34
324;011051;SUSUDEL;4;35
325;011050;SAN FELIPE DE OÑA;4;35
326;011151;PRINCIPAL;4;36
327;011153;LUIS GALARZA ORELLANA (CAB. EN DELEGSOL);4;36
328;011154;SAN MARTIN DE PUZHIO;4;36
329;011152;LA UNION;4;36
330;011150;CHORDELEG;4;36
331;011253;SAN VICENTE;4;37
332;011250;EL PAN;4;37
333;011352;PALMAS;4;38
334;011351;AMALUZA;4;38
335;011350;SEVILLA DE ORO;4;38
336;011450;GUACHAPALA;4;39
337;011550;CAMILO PONCE ENRIQUEZ;4;40
338;020156;SAN LORENZO;4;41
339;020157;SAN SIMON (YACOTO);4;41
340;020158;SANTA FE (SANTA FE);4;41
341;020153;JULIO MORENO (CATANAHUAN GRANDE);4;41
342;020155;SALINAS;4;41
343;020159;SIMIATUG;4;41
344;020160;SAN LUIS DE PAMBIL;4;41
345;020151;FACUNDO VELA;4;41
346;020150;GUARANDA;4;41
347;020101;ÁNGEL POLIBIO CHÁVES;4;41
348;020102;GABRIEL IGNACIO VEINTIMILLA;4;41
349;020103;GUANUJO;4;41
350;020251;SAN JOSE DEL TAMBO (TAMBOPAMBA);4;42
351;020250;CHILLANES;4;42
352;020354;SAN SEBASTIAN;4;43
353;020353;MAGDALENA (CHAPACOTO);4;43
354;020355;TELIMBELA;4;43
355;020351;ASUNCION (ASANCOTO);4;43
356;020350;SAN JOSE DE CHIMBO;4;43
357;020450;ECHEANDIA;4;44
358;020553;REGULO DE MORA;4;45
359;020552;BILOVAN;4;45
360;020554;SAN PABLO (SAN PABLO DE ATENAS);4;45
361;020556;SAN VICENTE;4;45
362;020551;BALSAPAMBA;4;45
363;020555;SANTIAGO;4;45
364;020550;SAN MIGUEL;4;45
365;020650;CALUMA;4;46
366;020750;LAS NAVES;4;47
367;020701;LAS MERCEDES;4;47
368;020702;LAS NAVES;4;47
369;030158;SAN MIGUEL;4;48
370;030154;JAVIER LOYOLA (CHUQUIPATA);4;48
371;030151;COJITAMBO;4;48
372;030155;LUIS CORDERO;4;48
373;030160;TADAY;4;48
374;030153;GUAPAN;4;48
375;030156;PINDILIG;4;48
376;030157;RIVERA;4;48
377;030150;AZOGUES;4;48
378;030101;AURELIO BAYAS MARTÍNEZ;4;48
379;030102;AZOGUES;4;48
380;030103;BORRERO;4;48
381;030104;SAN FRANCISCO;4;48
382;030253;TURUPAMBA;4;49
383;030252;SAN FRANCISCO DE SAGEO;4;49
384;030251;NAZON (CAB. EN PAMPA DE DOMINGUEZ);4;49
385;030254;JERUSALEN;4;49
386;030250;BIBLIAN;4;49
387;030352;CHOROCOPTE;4;50
388;030355;HONORATO VASQUEZ (TAMBO VIEJO);4;50
389;030358;SAN ANTONIO;4;50
390;030354;GUALLETURO;4;50
391;030363;DUCUR;4;50
392;030357;JUNCAL;4;50
393;030361;ZHUD;4;50
394;030356;INGAPIRCA;4;50
395;030351;CHONTAMARCA;4;50
396;030353;GENERAL MORALES (SOCARTE);4;50
397;030362;VENTURA;4;50
398;030350;CAÑAR;4;50
399;030452;PANCHO NEGRO;4;51
400;030451;MANUEL J. CALLE;4;51
401;030450;LA TRONCAL;4;51
402;030550;EL TAMBO;4;52
403;030651;SOLANO;4;53
404;030650;DELEG;4;53
405;030750;SUSCAL;4;54
406;040155;PIOTER;4;55
407;040161;SANTA MARTHA DE CUBA;4;55
408;040151;EL CARMELO (EL PUN);4;55
409;040153;JULIO ANDRADE (OREJUELA);4;55
410;040158;URBINA (TAYA);4;55
411;040157;TUFIÑO;4;55
412;040154;MALDONADO;4;55
413;040159;EL CHICAL;4;55
414;040156;TOBAR DONOSO (LA BOCANA DE CAMUMBI);4;55
415;040150;TULCAN;4;55
416;040101;GONZÁLEZ SUÁREZ;4;55
417;040102;TULCÁN;4;55
418;040253;MONTE OLIVO;4;56
419;040255;SAN RAFAEL;4;56
420;040254;SAN VICENTE DE PUSIR;4;56
421;040252;LOS ANDES;4;56
422;040251;GARCIA MORENO;4;56
423;040250;BOLIVAR;4;56
424;040353;SAN ISIDRO;4;57
425;040352;LA LIBERTAD (ALIZO);4;57
426;040351;EL GOALTAL;4;57
427;040350;EL ANGEL;4;57
428;040453;JUAN MONTALVO (SAN IGNACIO DE QUIL);4;58
429;040451;CONCEPCION;4;58
430;040452;JIJON Y CAAMAÑO (CAB. EN RIO BLANCO);4;58
431;040450;MIRA (CHONTAHUASI);4;58
432;040555;PIARTAL;4;59
433;040553;FERNANDEZ SALVADOR;4;59
434;040554;LA PAZ;4;59
435;040551;CRISTOBAL COLON;4;59
436;040552;CHITAN DE NAVARRETE;4;59
437;040550;SAN GABRIEL;4;59
438;040501;GONZÁLEZ SUÁREZ;4;59
439;040502;SAN JOSÉ;4;59
440;040651;MARISCAL SUCRE;4;60
441;040650;HUACA;4;60
442;050152;BELISARIO QUEVEDO (GUANAILIN);4;61
443;050157;11 DE NOVIEMBRE (ILINCHISI);4;61
444;050158;POALO;4;61
445;050151;ALAQUES (ALAQUEZ);4;61
446;050154;JOSEGUANGO BAJO;4;61
447;050153;GUAITACAMA (GUAYTACAMA);4;61
448;050161;TANICUCHI;4;61
449;050162;TOACASO;4;61
450;050156;MULALO;4;61
451;050159;SAN JUAN DE PASTOCALLE;4;61
452;050150;LATACUNGA;4;61
453;050101;ELOY ALFARO  (SAN FELIPE);4;61
454;050102;IGNACIO FLORES (PARQUE FLORES);4;61
455;050103;JUAN MONTALVO (SAN SEBASTIÁN);4;61
456;050104;LA MATRIZ;4;61
457;050105;SAN BUENAVENTURA;4;61
458;050251;GUASAGANDA (CAB. EN GUASAGANDA CENTRO);4;62
459;050252;PUCAYACU;4;62
460;050250;LA MANA;4;62
461;050201;EL CARMEN;4;62
462;050202;LA MANÁ;4;62
463;050203;EL TRIUNFO;4;62
464;050352;PINLLOPATA;4;63
465;050353;RAMON CAMPAÑA;4;63
466;050351;MORASPUNGO;4;63
467;050350;EL CORAZON;4;63
468;050451;ANGAMARCA;4;64
469;050456;PILALO;4;64
470;050455;LA VICTORIA;4;64
471;050458;ZUMBAHUA;4;64
472;050457;TINGO;4;64
473;050453;GUANGAJE;4;64
474;050450;PUJILI;4;64
475;050551;ANTONIO JOSE HOLGUIN (SANTA LUCIA);4;65
476;050553;MULALILLO;4;65
477;050555;PANSALEO;4;65
478;050552;CUSUBAMBA;4;65
479;050554;MULLIQUINDIL (SANTA ANA);4;65
480;050550;SAN MIGUEL;4;65
481;050652;CHANTILIN;4;66
482;050651;CANCHAGUA;4;66
483;050653;COCHAPAMBA;4;66
484;050650;SAQUISILI;4;66
485;050751;CHUGCHILLAN;4;67
486;050752;ISINLIVI;4;67
487;050753;LAS PAMPAS;4;67
488;050754;PALO QUEMADO;4;67
489;050750;SIGCHOS;4;67
490;060154;FLORES;4;68
491;060156;LICTO;4;68
492;060161;SAN LUIS;4;68
493;060158;PUNIN;4;68
494;060157;PUNGALA;4;68
495;060151;CACHA (CAB. EN MACHANGARA);4;68
496;060153;CUBIJIES;4;68
497;060155;LICAN;4;68
498;060159;QUIMIAG;4;68
499;060152;CALPI;4;68
500;060160;SAN JUAN;4;68
501;060150;RIOBAMBA;4;68
502;060101;LIZARZABURU;4;68
503;060102;MALDONADO;4;68
504;060103;VELASCO;4;68
505;060104;VELOZ;4;68
506;060105;YARUQUÍES;4;68
507;060256;PISTISHI (NARIZ DEL DIABLO);4;69
508;060258;SEVILLA;4;69
509;060257;PUMALLACTA;4;69
510;060254;HUIGRA;4;69
511;060253;GUASUNTOS;4;69
512;060251;ACHUPALLAS;4;69
513;060259;SIBAMBE;4;69
514;060260;TIXAN;4;69
515;060255;MULTITUD;4;69
516;060250;ALAUSI;4;69
517;060352;COLUMBE;4;70
518;060353;JUAN DE VELASCO (PANGOR);4;70
519;060351;CAÑI;4;70
520;060354;SANTIAGO DE QUITO (CAB. EN SAN ANTONIO DE QUITO);4;70
521;060354;QUITO);4;70
522;060350;VILLA LA UNION (CAJABAMBA);4;70
523;060301;CAJABAMBA;4;70
524;060302;SICALPA;4;70
525;060450;CHAMBO;4;71
526;060554;LLAGOS;4;72
527;060552;COMPUD;4;72
528;060551;CAPZOL;4;72
529;060553;GONZOL;4;72
530;060550;CHUNCHI;4;72
531;060652;PALMIRA;4;73
532;060651;CEBADAS;4;73
533;060650;GUAMOTE;4;73
534;060755;SAN GERARDO DE PACAICAGUAN;4;74
535;060753;LA PROVIDENCIA;4;74
536;060759;VALPARAISO;4;74
537;060752;ILAPO;4;74
538;060757;SAN JOSE DEL CHAZO;4;74
539;060756;SAN ISIDRO DE PATULU;4;74
540;060758;SANTA FE DE GALAN;4;74
541;060751;GUANANDO;4;74
542;060754;SAN ANDRES;4;74
543;060750;GUANO;4;74
544;060701;EL ROSARIO;4;74
545;060702;LA MATRIZ;4;74
546;060850;PALLATANGA;4;75
547;060955;LA CANDELARIA;4;76
548;060954;SAN ANTONIO DE BAYUSHIG;4;76
549;060952;MATUS;4;76
550;060951;EL ALTAR;4;76
551;060953;PUELA;4;76
552;060956;BILBAO (CAB. EN QUILLUYACU);4;76
553;060950;PENIPE;4;76
554;061050;CUMANDA;4;77
555;070150;MACHALA;4;78
556;070152;EL RETIRO;4;78
557;070101;LA PROVIDENCIA;4;78
558;070102;MACHALA;4;78
559;070103;PUERTO BOLÍVAR;4;78
560;070104;NUEVE DE MAYO;4;78
561;070105;EL CAMBIO;4;78
562;070250;ARENILLAS;4;79
563;070254;PALMALES;4;79
564;070255;CARCABON;4;79
565;070251;CHACRAS;4;79
566;070350;PACCHA;4;80
567;070354;SAN JOSE;4;80
568;070353;MILAGRO;4;80
569;070352;CORDONCILLO;4;80
570;070351;AYAPAMBA;4;80
571;070355;SAN JUAN DE CERRO AZUL;4;80
572;070450;BALSAS;4;81
573;070451;BELLAMARIA;4;81
574;070550;CHILLA;4;82
575;070650;EL GUABO;4;83
576;070652;LA IBERIA;4;83
577;070651;BARBONES (SUCRE);4;83
578;070654;RIO BONITO;4;83
579;070653;TENDALES (CAB. EN PUERTO TENDALES);4;83
580;070750;HUAQUILLAS;4;84
581;070701;ECUADOR;4;84
582;070702;EL PARAÍSO;4;84
583;070703;HUALTACO;4;84
584;070704;MILTON REYES;4;84
585;070705;UNIÓN LOJANA;4;84
586;070850;MARCABELI;4;85
587;070851;EL INGENIO;4;85
588;070950;PASAJE;4;86
589;070951;BUENAVISTA;4;86
590;070955;UZHCURRUMI;4;86
591;070952;CASACAY;4;86
592;070953;LA PEAÑA;4;86
593;070956;CAÑAQUEMADA;4;86
594;070954;PROGRESO;4;86
595;070901;BOLÍVAR;4;86
596;070902;LOMA DE FRANCO;4;86
597;070903;OCHOA LEÓN (MATRIZ);4;86
598;070904;TRES CERRITOS;4;86
599;071050;PIÑAS;4;87
600;071051;CAPIRO (CAB. EN LA CAPILLA DE CAPIRO);4;87
601;071055;SAN ROQUE (AMBROSIO MALDONADO);4;87
602;071052;LA BOCANA;4;87
603;071056;SARACAY;4;87
604;071054;PIEDRAS;4;87
605;071053;MOROMORO (CAB. EN EL VADO);4;87
606;071001;LA MATRIZ;4;87
607;071002;LA SUSAYA;4;87
608;071003;PIÑAS GRANDE;4;87
609;071150;PORTOVELO;4;88
610;071153;SALATI;4;88
611;071151;CURTINCAPA;4;88
612;071152;MORALES;4;88
613;071250;SANTA ROSA;4;89
614;071255;TORATA;4;89
615;071253;LA AVANZADA;4;89
616;071254;SAN ANTONIO;4;89
617;071251;BELLAVISTA;4;89
618;071257;BELLAMARIA;4;89
619;071256;VICTORIA;4;89
620;071252;JAMBELI;4;89
621;071201;SANTA ROSA;4;89
622;071202;PUERTO JELÍ;4;89
623;071203;BALNEARIO JAMBELÍ (SATÉLITE);4;89
624;071204;JUMÓN (SATÉLITE);4;89
625;071205;NUEVO SANTA ROSA;4;89
626;071350;ZARUMA;4;90
627;071356;MALVAS;4;90
628;071357;MULUNCAY GRANDE;4;90
629;071352;ARCAPAMBA;4;90
630;071354;GUIZHAGUIÑA;4;90
631;071358;SINSAO;4;90
632;071355;HUERTAS;4;90
633;071359;SALVIAS;4;90
634;071353;GUANAZAN;4;90
635;071351;ABAÑIN;4;90
636;071450;LA VICTORIA;4;91
637;071451;LA LIBERTAD;4;91
638;071452;EL PARAISO;4;91
639;071453;SAN ISIDRO;4;91
640;071401;LA VICTORIA;4;91
641;071402;PLATANILLOS;4;91
642;071403;VALLE HERMOSO;4;91
643;080153;CORONEL CARLOS CONCHA TORRES (CAB. EN HUELE);4;92
644;080159;MAJUA;4;92
645;080165;TABIAZO;4;92
646;080154;CHINCA;4;92
647;080163;SAN MATEO;4;92
648;080168;VUELTA LARGA;4;92
649;080166;TACHINA;4;92
650;080152;CAMARONES (CAB. EN SAN VICENTE);4;92
651;080150;ESMERALDAS;4;92
652;080101;BARTOLOMÉ RUIZ (CÉSAR FRANCO CARRIÓN);4;92
653;080102;5 DE AGOSTO;4;92
654;080103;ESMERALDAS;4;92
655;080104;LUIS TELLO  (LAS PALMAS);4;92
656;080105;SIMÓN PLATA TORRES;4;92
657;080259;SANTO DOMINGO DE ONZOLE;4;93
658;080261;TELEMBI;4;93
659;080255;LUIS VARGAS TORRES (CAB. EN PLAYA DE ORO);4;93
660;080252;ATAHUALPA (CAB. EN CAMARONES);4;93
661;080258;SAN FRANCISCO DE ONZOLE;4;93
662;080263;SAN JOSE DE CAYAPAS;4;93
663;080260;SELVA ALEGRE;4;93
664;080264;TIMBIRE;4;93
665;080262;COLON ELOY DEL MARIA;4;93
666;080251;ANCHAYACU;4;93
667;080256;MALDONADO;4;93
668;080265;SANTA LUCIA DE LAS PEÑAS;4;93
669;080253;BORBON;4;93
670;080254;LA TOLA;4;93
671;080257;PAMPANAL DE BOLIVAR;4;93
672;080250;VALDEZ (LIMONES);4;93
673;080355;SALIMA;4;94
674;080358;SAN JOSE DE CHAMANGA;4;94
675;080352;DAULE;4;94
676;080351;BOLIVAR;4;94
677;080357;SAN GREGORIO;4;94
678;080354;QUINGUE (OLMEDO PERDOMO FRANCO);4;94
679;080356;SAN FRANCISCO;4;94
680;080353;GALERA;4;94
681;080350;MUISNE;4;94
682;080455;LA UNION;4;95
683;080453;MALIMPIA;4;95
684;080452;CHURA (CHANCAMA) (CAB. EN EL YERBERO);4;95
685;080451;CUBE;4;95
686;080454;VICHE;4;95
687;080450;ROSA ZARATE (QUININDE);4;95
688;080555;5 DE JUNIO (CAB. EN UIMBI);4;96
689;080551;ALTO TAMBO (CAB EN GUADUAL);4;96
690;080562;URBINA;4;96
691;080558;SAN JAVIER DE CACHAVI (CAB. EN SAN JAVIER);4;96
692;080559;SANTA RITA;4;96
693;080556;CONCEPCION;4;96
694;080554;CARONDELET;4;96
695;080553;CALDERON;4;96
696;080561;TULULBI (CAB. EN RICAURTE);4;96
697;080560;TAMBILLO;4;96
698;080557;MATAJE (CAB. EN SANTANDER);4;96
699;080552;ANCON (PICHANGAL) (CAB. EN PALMA REAL);4;96
700;080550;SAN LORENZO;4;96
701;080651;LA UNION;4;97
702;080653;TONCHIGUE;4;97
703;080652;SUA (CAB. EN LA BOCANA);4;97
704;080654;TONSUPA;4;97
705;080650;ATACAMES;4;97
706;080752;CHUMUNDE;4;98
707;080751;CHONTADURO;4;98
708;080755;ROCAFUERTE;4;98
709;080754;MONTALVO (CAB EN HORQUETA);4;98
710;080753;LAGARTO;4;98
711;080750;RIOVERDE;4;98
712;090158;TENGUEL;4;99
713;090157;PUNA;4;99
714;090156;POSORJA;4;99
715;090153;MORRO;4;99
716;090152;JUAN GOMEZ RENDON (PROGRESO);4;99
717;090150;GUAYAQUIL;4;99
718;090101;AYACUCHO;4;99
719;090102;BOLÍVAR  (SAGRARIO);4;99
720;090103;CARBO (CONCEPCIÓN);4;99
721;090104;FEBRES CORDERO;4;99
722;090105;GARCÍA MORENO;4;99
723;090106;LETAMENDI;4;99
724;090107;NUEVE DE OCTUBRE;4;99
725;090108;OLMEDO  (SAN ALEJO);4;99
726;090109;ROCA;4;99
727;090110;ROCAFUERTE;4;99
728;090111;SUCRE;4;99
729;090112;TARQUI;4;99
730;090113;URDANETA;4;99
731;090114;XIMENA;4;99
732;090115;PASCUALES;4;99
733;090250;ALFREDO BAQUERIZO MORENO (JUJAN);4;100
734;090350;BALAO;4;101
735;090450;BALZAR;4;102
736;090551;SAN JACINTO;4;103
737;090550;COLIMES;4;103
738;090650;DAULE;4;104
739;090656;LOS LOJAS (ENRIQUE BAQUERIZO MORENO);4;104
740;090652;JUAN BAUTISTA AGUIRRE (LOS TINTOS);4;104
741;090654;LIMONAL;4;104
742;090653;LAUREL;4;104
743;090601;DAULE;4;104
744;090602;LA AURORA (SATÉLITE);4;104
745;090603;BANIFE;4;104
746;090604;EMILIANO CAICEDO MARCOS;4;104
747;090605;MAGRO;4;104
748;090606;PADRE JUAN BAUTISTA AGUIRRE;4;104
749;090607;SANTA CLARA;4;104
750;090608;VICENTE PIEDRAHITA;4;104
751;090750;ELOY ALFARO (DURAN);4;105
752;090701;ELOY ALFARO (DURÁN);4;105
753;090702;EL RECREO;4;105
754;090852;EL ROSARIO;4;106
755;090851;GUAYAS (PUEBLO NUEVO);4;106
756;090850;VELASCO IBARRA (CAB. EL EMPALME);4;106
757;090950;EL TRIUNFO;4;107
758;091050;MILAGRO;4;108
759;091054;ROBERTO ASTUDILLO (CAB. EN CRUCE DE VENECIA);4;108
760;091051;CHOBO;4;108
761;091053;MARISCAL SUCRE (HUAQUES);4;108
762;091150;NARANJAL;4;109
763;091153;SANTA ROSA DE FLANDES;4;109
764;091151;JESUS MARIA;4;109
765;091152;SAN CARLOS;4;109
766;091154;TAURA;4;109
767;091250;NARANJITO;4;110
768;091350;PALESTINA;4;111
769;091452;SABANILLA;4;112
770;091451;VALLE DE LA VIRGEN;4;112
771;091450;PEDRO CARBO;4;112
772;091650;SAMBORONDON;4;113
773;091651;TARIFA;4;113
774;091601;SAMBORONDÓN;4;113
775;091602;LA PUNTILLA (SATÉLITE);4;113
776;091850;SANTA LUCIA;4;114
777;091952;LA VICTORIA (ÑAUZA);4;115
778;091951;GENERAL VERNAZA (DOS ESTEROS);4;115
779;091953;JUNQUILLAL;4;115
780;091950;EL SALITRE (LAS RAMAS);4;115
781;091901;BOCANA;4;115
782;091902;CANDILEJOS;4;115
783;091903;CENTRAL;4;115
784;091904;PARAÍSO;4;115
785;091905;SAN MATEO;4;115
786;092050;SAN JACINTO DE YAGUACHI;4;116
787;092053;GENERAL PEDRO J. MONTERO (BOLICHE);4;116
788;092056;VIRGEN DE FATIMA;4;116
789;092055;YAGUACHI VIEJO (CONE);4;116
790;092150;GENERAL VILLAMIL (PLAYAS);4;117
791;092250;SIMON BOLIVAR;4;118
792;092251;CORONEL LORENZO DE GARAICOA (PEDREGAL);4;118
793;092350;CORONEL MARCELINO MARIDUEÑA (SAN CARLOS);4;119
794;092450;LOMAS DE SARGENTILLO;4;120
795;092550;NARCISA DE JESUS;4;121
796;092750;GENERAL ANTONIO ELIZALDE (BUCAY);4;122
797;092850;ISIDRO AYORA;4;123
798;100152;ANGOCHAGUA;4;124
799;100154;LA ESPERANZA;4;124
800;100157;SAN ANTONIO;4;124
801;100151;AMBUQUI;4;124
802;100156;SALINAS;4;124
803;100153;CAROLINA;4;124
804;100155;LITA;4;124
805;100150;SAN MIGUEL DE IBARRA;4;124
806;100101;CARANQUI;4;124
807;100102;GUAYAQUIL DE ALPACHACA;4;124
808;100103;SAGRARIO;4;124
809;100104;SAN FRANCISCO;4;124
810;100105;LA DOLOROSA DEL PRIORATO;4;124
811;100254;SAN ROQUE;4;125
812;100252;SAN FRANCISCO DE NATABUELA;4;125
813;100253;SAN JOSE DE CHALTURA;4;125
814;100251;IMBAYA (SAN LUIS DE COBUENDO);4;125
815;100250;ATUNTAQUI;4;125
816;100201;ANDRADE MARÍN  (LOURDES);4;125
817;100202;ATUNTAQUI;4;125
818;100356;QUIROGA;4;126
819;100358;VACAS GALINDO (EL CHURO) (CAB. EN SAN MIGUEL ALTO);4;126
820;100355;PLAZA GUTIERREZ (CALVARIO);4;126
821;100354;PEÑAHERRERA;4;126
822;100352;GARCIA MORENO (LLURIMAGUA);4;126
823;100351;APUELA;4;126
824;100357;6 DE JULIO DE CUELLAJE (CAB. EN CUELLAJE);4;126
825;100353;IMANTAG;4;126
826;100350;COTACACHI;4;126
827;100301;SAGRARIO;4;126
828;100302;SAN FRANCISCO;4;126
829;100453;GONZALEZ SUAREZ;4;127
830;100458;SAN RAFAEL;4;127
831;100454;PATAQUI;4;127
832;100452;EUGENIO ESPEJO (CALPAQUI);4;127
833;100457;SAN PABLO;4;127
834;100451;DOCTOR MIGUEL EGAS CABEZAS (PEGUCHE);4;127
835;100456;SAN JUAN DE ILUMAN;4;127
836;100459;SELVA ALEGRE (CAB. EN SAN MIGUEL DE PAMPLONA);4;127
837;100455;SAN JOSE DE QUICHINCHE;4;127
838;100450;OTAVALO;4;127
839;100401;JORDÁN;4;127
840;100402;SAN LUIS;4;127
841;100552;MARIANO ACOSTA;4;128
842;100553;SAN FRANCISCO DE SIGSIPAMBA;4;128
843;100551;CHUGA;4;128
844;100550;PIMAMPIRO;4;128
845;100654;SAN BLAS;4;129
846;100655;TUMBABIRO;4;129
847;100653;PABLO ARENAS;4;129
848;100651;CAHUASQUI;4;129
849;100652;LA MERCED DE BUENOS AIRES;4;129
850;100650;URCUQUI;4;129
851;110150;LOJA;4;130
852;110163;QUINARA;4;130
853;110162;YANGANA (ARSENIO CASTILLO);4;130
854;110161;VILCABAMBA (VICTORIA);4;130
855;110158;SAN PEDRO DE VILCABAMBA;4;130
856;110156;MALACATOS (VALLADOLID);4;130
857;110151;CHANTACO;4;130
858;110160;TAQUIL (MIGUEL RIOFRIO);4;130
859;110155;JIMBILLA;4;130
860;110152;CHUQUIRIBAMBA;4;130
861;110153;EL CISNE;4;130
862;110159;SANTIAGO;4;130
863;110154;GUALEL;4;130
864;110157;SAN LUCAS;4;130
865;110101;EL SAGRARIO;4;130
866;110102;SAN SEBASTIÁN;4;130
867;110103;SUCRE;4;130
868;110104;VALLE;4;130
869;110250;CARIAMANGA;4;131
870;110254;SANGUILLIN;4;131
871;110252;EL LUCERO;4;131
872;110253;UTUANA;4;131
873;110251;COLAISACA;4;131
874;110201;CARIAMANGA;4;131
875;110202;CHILE;4;131
876;110203;SAN VICENTE;4;131
877;110350;CATAMAYO (LA TOMA);4;132
878;110351;EL TAMBO;4;132
879;110354;ZAMBI;4;132
880;110353;SAN PEDRO DE LA BENDITA;4;132
881;110352;GUAYQUICHUMA;4;132
882;110301;CATAMAYO;4;132
883;110302;SAN JOSÉ;4;132
884;110450;CELICA;4;133
885;110457;TENIENTE MAXIMILIANO RODRIGUEZ LOAIZA;4;133
886;110451;CRUZPAMBA (CAB EN CARLOS BUSTAMANTE);4;133
887;110456;SABANILLA;4;133
888;110455;POZUL (SAN JUAN DE POZUL);4;133
889;110550;CHAGUARPAMBA;4;134
890;110554;AMARILLOS;4;134
891;110551;BUENAVISTA;4;134
892;110553;SANTA RUFINA;4;134
893;110552;EL ROSARIO;4;134
894;110650;AMALUZA;4;135
895;110652;JIMBURA;4;135
896;110653;SANTA TERESITA;4;135
897;110651;BELLAVISTA;4;135
898;110656;EL AIRO;4;135
899;110654;27 DE ABRIL (CAB. EN LA NARANJA);4;135
900;110655;EL INGENIO;4;135
901;110750;GONZANAMA;4;136
902;110751;CHANGAIMINA (LA LIBERTAD);4;136
903;110754;PURUNUMA (EGUIGUREN);4;136
904;110756;SACAPALCA;4;136
905;110753;NAMBACOLA;4;136
906;110850;MACARA;4;137
907;110852;LA VICTORIA;4;137
908;110853;SABIANGO (LA CAPILLA);4;137
909;110851;LARAMA;4;137
910;110950;CATACOCHA;4;138
911;110958;CASANGA;4;138
912;110959;YAMANA;4;138
913;110957;SAN ANTONIO;4;138
914;110952;GUACHANAMA;4;138
915;110951;CANGONAMA;4;138
916;110954;LAURO GUERRERO;4;138
917;110956;ORIANGA;4;138
918;110902;LOURDES;4;138
919;110901;CATACOCHA;4;138
920;111050;ALAMOR;4;139
921;111054;MERCADILLO;4;139
922;111052;EL ARENAL;4;139
923;111053;EL LIMO (MARIANA DE JESUS);4;139
924;111055;VICENTINO;4;139
925;111051;CIANO;4;139
926;111150;SARAGURO;4;140
927;111151;EL PARAISO DE CELEN;4;140
928;111159;URDANETA (PAQUISHAPA);4;140
929;111158;SELVA ALEGRE;4;140
930;111156;SAN PABLO DE TENTA;4;140
931;111155;SAN ANTONIO DE QUMBE (CUMBE);4;140
932;111152;EL TABLON;4;140
933;111153;LLUZHAPA;4;140
934;111154;MANU;4;140
935;111160;SUMAYPAMBA;4;140
936;111157;SAN SEBASTIAN DE YULUC;4;140
937;111250;SOZORANGA;4;141
938;111252;TACAMOROS;4;141
939;111251;NUEVA FATIMA;4;141
940;111350;ZAPOTILLO;4;142
941;111353;LIMONES;4;142
942;111352;GARZAREAL;4;142
943;111354;PALETILLAS;4;142
944;111355;BOLASPAMBA;4;142
945;111351;MANGAHURCO;4;142
946;111356;CAZADEROS;4;142
947;111450;PINDAL;4;143
948;111453;MILAGROS;4;143
949;111451;CHAQUINAL;4;143
950;111452;12 DE DICIEMBRE (CAB. EN ACHIOTES);4;143
951;111550;QUILANGA;4;144
952;111552;SAN ANTONIO DE LAS ARADAS (CAB. EN LAS ARADAS);4;144
953;111551;FUNDOCHAMBA;4;144
954;111650;OLMEDO;4;145
955;111651;LA TINGUE;4;145
956;120150;BABAHOYO;4;146
957;120153;FEBRES CORDERO (LAS JUNTAS);4;146
958;120154;PIMOCHA;4;146
959;120155;LA UNION;4;146
960;120152;CARACOL;4;146
961;120101;CLEMENTE BAQUERIZO;4;146
962;120102;DOCTOR CAMILO PONCE;4;146
963;120103;BARREIRO;4;146
964;120104;EL SALTO;4;146
965;120250;BABA;4;147
966;120252;ISLA DE BEJUCAL;4;147
967;120251;GUARE;4;147
968;120350;MONTALVO;4;148
969;120351;LA ESMERALDA;4;148
970;120450;PUEBLOVIEJO;4;149
971;120452;SAN JUAN;4;149
972;120451;PUERTO PECHICHE;4;149
973;120553;SAN CARLOS;4;150
974;120555;LA ESPERANZA;4;150
975;120550;QUEVEDO;4;150
976;120501;QUEVEDO;4;150
977;120502;SAN CAMILO;4;150
978;120504;GUAYACÁN;4;150
979;120505;NICOLÁS INFANTE DÍAZ;4;150
980;120506;SAN CRISTÓBAL;4;150
981;120507;SIETE DE OCTUBRE;4;150
982;120508;24 DE MAYO;4;150
983;120509;VENUS DEL RÍO QUEVEDO;4;150
984;120510;VIVA ALFARO;4;150
985;120650;CATARAMA;4;151
986;120651;RICAURTE;4;151
987;120750;VENTANAS;4;152
988;120754;LOS ANGELES;4;152
989;120753;CHACARITA;4;152
990;120752;ZAPOTAL;4;152
991;120850;VINCES;4;153
992;120851;ANTONIO SOTOMAYOR (CAB. EN PLAYAS DE VINCES);4;153
993;120950;PALENQUE;4;154
994;121051;PATRICIA PILAR;4;155
995;121050;SAN JACINTO DE BUENA FE;4;155
996;121001;SAN JACINTO DE BUENA FÉ;4;155
997;121002;7 DE AGOSTO;4;155
998;121003;11 DE OCTUBRE;4;155
999;121150;VALENCIA;4;156
1000;121250;MOCACHE;4;157
1001;121350;QUINSALOMA;4;158
1002;130152;ALHAJUELA (BAJO GRANDE);4;159
1003;130156;SAN PLACIDO;4;159
1004;130157;CHIRIJOS;4;159
1005;130151;ABDON CALDERON (SAN FRANCISCO);4;159
1006;130155;RIOCHICO (RIO CHICO);4;159
1007;130154;PUEBLO NUEVO;4;159
1008;130153;CRUCITA;4;159
1009;130150;PORTOVIEJO;4;159
1010;130101;PORTOVIEJO;4;159
1011;130102;12 DE MARZO;4;159
1012;130103;COLÓN;4;159
1013;130104;PICOAZÁ;4;159
1014;130105;SAN PABLO;4;159
1015;130106;ANDRÉS DE VERA;4;159
1016;130107;FRANCISCO PACHECO;4;159
1017;130108;18 DE OCTUBRE;4;159
1018;130109;SIMÓN BOLÍVAR;4;159
1019;130252;QUIROGA;4;160
1020;130251;MEMBRILLO;4;160
1021;130250;CALCETA;4;160
1022;130352;CANUTO;4;161
1023;130357;SAN ANTONIO;4;161
1024;130356;RICAURTE;4;161
1025;130351;BOYACA;4;161
1026;130355;ELOY ALFARO;4;161
1027;130353;CONVENTO;4;161
1028;130354;CHIBUNGA;4;161
1029;130350;CHONE;4;161
1030;130301;CHONE;4;161
1031;130302;SANTA RITA;4;161
1032;130451;WILFRIDO LOOR MOREIRA (MAICITO);4;162
1033;130452;SAN PEDRO DE SUMA;4;162
1034;130450;EL CARMEN;4;162
1035;130401;EL CARMEN;4;162
1036;130402;4 DE DICIEMBRE;4;162
1037;130552;ZAPALLO;4;163
1038;130551;SAN FRANCISCO DE NOVILLO (CAB. EN NOVILLO);4;163
1039;130550;FLAVIO ALFARO;4;163
1040;130650;JIPIJAPA;4;164
1041;130657;PEDRO PABLO GOMEZ;4;164
1042;130652;EL ANEGADO (CAB. EN ELOY ALFARO);4;164
1043;130654;LA UNION;4;164
1044;130651;AMERICA;4;164
1045;130653;JULCUY;4;164
1046;130658;PUERTO DE CAYO;4;164
1047;130656;MEMBRILLAL;4;164
1048;130601;DOCTOR MIGUEL MORÁN LUCIO;4;164
1049;130602;MANUEL INOCENCIO PARRALES Y GUALE;4;164
1050;130603;SAN LORENZO DE JIPIJAPA;4;164
1051;130750;JUNIN;4;165
1052;130851;SAN LORENZO;4;166
1053;130852;SANTA MARIANITA (BOCA DE PACOCHE);4;166
1054;130850;MANTA;4;166
1055;130801;LOS ESTEROS;4;166
1056;130802;MANTA;4;166
1057;130803;SAN MATEO;4;166
1058;130804;TARQUI;4;166
1059;130805;ELOY ALFARO;4;166
1060;130952;LA PILA;4;167
1061;130950;MONTECRISTI;4;167
1062;130901;ANÍBAL SAN ANDRÉS;4;167
1063;130902;MONTECRISTI;4;167
1064;130903;EL COLORADO;4;167
1065;130904;GENERAL ELOY ALFARO;4;167
1066;130905;LEONIDAS PROAÑO;4;167
1067;131050;PAJAN;4;168
1068;131052;CASCOL;4;168
1069;131053;GUALE;4;168
1070;131051;CAMPOZANO (LA PALMA DE PAJAN);4;168
1071;131054;LASCANO;4;168
1072;131152;SAN SEBASTIAN;4;169
1073;131151;BARRAGANETE;4;169
1074;131150;PICHINCHA;4;169
1075;131250;ROCAFUERTE;4;170
1076;131350;SANTA ANA DE VUELTA LARGA;4;171
1077;131353;LA UNION;4;171
1078;131355;SAN PABLO (CAB EN PUEBLO NUEVO);4;171
1079;131351;AYACUCHO;4;171
1080;131352;HONORATO VASQUEZ (CAB EN VASQUEZ);4;171
1081;131301;SANTA ANA;4;171
1082;131302;LODANA;4;171
1083;131453;CHARAPOTO;4;172
1084;131457;SAN ISIDRO;4;172
1085;131450;BAHIA DE CARAQUEZ;4;172
1086;131401;BAHÍA DE CARÁQUEZ;4;172
1087;131402;LEONIDAS PLAZA GUTIÉRREZ;4;172
1088;131552;ANGEL PEDRO GILER (LA ESTANCILLA);4;173
1089;131551;BACHILLERO;4;173
1090;131550;TOSAGUA;4;173
1091;131650;SUCRE;4;174
1092;131653;ARQUITECTO SIXTO DURAN BALLEN;4;174
1093;131652;NOBOA;4;174
1094;131651;BELLAVISTA;4;174
1095;131752;DIEZ DE AGOSTO;4;175
1096;131753;ATAHUALPA;4;175
1097;131751;COJIMIES;4;175
1098;131750;PEDERNALES;4;175
1099;131850;OLMEDO;4;176
1100;131950;PUERTO LOPEZ;4;177
1101;131952;SALANGO;4;177
1102;131951;MACHALILLA;4;177
1103;132050;JAMA;4;178
1104;132150;JARAMIJO;4;179
1105;132251;CANOA;4;180
1106;132250;SAN VICENTE;4;180
1107;140150;MACAS;4;181
1108;140164;RIO BLANCO;4;181
1109;140153;GENERAL PROAÑO;4;181
1110;140151;ALSHI (CAB EN 9 DE OCTUBRE);4;181
1111;140156;SAN ISIDRO;4;181
1112;140157;SEVILLA DON BOSCO;4;181
1113;140160;ZUÑA (ZUÑAC);4;181
1114;140162;CUCHAENTZA;4;181
1115;140158;SINAI;4;181
1116;140250;GUALAQUIZA;4;182
1117;140256;NUEVA TARQUI;4;182
1118;140258;EL IDEAL;4;182
1119;140251;AMAZONAS (ROSARIO DE CUYES);4;182
1120;140253;BOMBOIZA;4;182
1121;140257;SAN MIGUEL DE CUYES;4;182
1122;140252;BERMEJOS;4;182
1123;140254;CHIGUINDA;4;182
1124;140255;EL ROSARIO;4;182
1125;140201;GUALAQUIZA;4;182
1126;140202;MERCEDES MOLINA;4;182
1127;140350;GENERAL LEONIDAS PLAZA GUTIERREZ;4;183
1128;140356;SAN MIGUEL DE CONCHAY;4;183
1129;140351;INDANZA;4;183
1130;140353;SAN ANTONIO (CAB EN SAN ANTONIO CENTRO);4;183
1131;140357;STA SUSANA DE CHIVIAZA (CAB EN CHIVIAZA);4;183
1132;140358;YUNGANZA (CAB EN EL ROSARIO);4;183
1133;140450;PALORA (METZERA);4;184
1134;140451;ARAPICOS;4;184
1135;140455;16 DE AGOSTO;4;184
1136;140454;SANGAY (CAB EN NAYAMANACA);4;184
1137;140452;CUMANDA (CAB EN COLONIA AGRICOLA SEVILLA DEL ORO);4;184
1138;140550;SANTIAGO DE MENDEZ;4;185
1139;140554;SAN LUIS DE EL ACHO (CAB EN EL ACHO);4;185
1140;140553;PATUCA;4;185
1141;140552;CHUPIANZA;4;185
1142;140551;COPAL;4;185
1143;140556;TAYUZA;4;185
1144;140557;SAN FRANCISCO DE CHINIMBIMI;4;185
1145;140650;SUCUA;4;186
1146;140652;HUAMBI;4;186
1147;140651;ASUNCION;4;186
1148;140655;SANTA MARIANITA DE JESUS;4;186
1149;140750;HUAMBOYA;4;187
1150;140751;CHIGUAZA;4;187
1151;140850;SAN JUAN BOSCO;4;188
1152;140853;SAN JACINTO DE WAKAMBEIS;4;188
1153;140852;SAN CARLOS DE LIMON;4;188
1154;140854;SANTIAGO DE PANANZA;4;188
1155;140851;PAN DE AZUCAR;4;188
1156;140950;TAISHA;4;189
1157;140953;TUUTINENTZA;4;189
1158;140954;PUMPUENTSA;4;189
1159;140951;HUASAGA (CAB EN WAMPUIK);4;189
1160;140952;MACUMA;4;189
1161;141050;LOGROÑO;4;190
1162;141051;YAUPI;4;190
1163;141052;SHIMPIS;4;190
1164;141150;PABLO SEXTO;4;191
1165;141250;SANTIAGO;4;192
1166;141251;SAN JOSE DE MORONA;4;192
1167;150150;TENA;4;193
1168;150156;PUERTO NAPO;4;193
1169;150157;TALAG;4;193
1170;150158;SAN JUAN DE MUYUNA;4;193
1171;150151;AHUANO;4;193
1172;150155;PUERTO MISAHUALLI;4;193
1173;150154;PANO;4;193
1174;150153;CHONTAPUNTA;4;193
1175;150350;ARCHIDONA;4;194
1176;150354;SAN PABLO DE USHPAYACU;4;194
1177;150356;HATUN SUMAKU;4;194
1178;150352;COTUNDO;4;194
1179;150452;LINARES;4;195
1180;150455;SARDINAS;4;195
1181;150454;SANTA ROSA;4;195
1182;150451;GONZALO DIAZ DE PINEDA (EL BOMBON);4;195
1183;150453;OYACACHI;4;195
1184;150450;EL CHACO;4;195
1185;150750;BAEZA;4;196
1186;150751;COSANGA;4;196
1187;150756;SUMACO;4;196
1188;150754;SAN FRANCISCO DE BORJA (VIRGILIO DAVILA);4;196
1189;150753;PAPALLACTA;4;196
1190;150752;CUYUJA;4;196
1191;150950;CARLOS JULIO AROSEMENA TOLA;4;197
1192;160150;PUYO;4;198
1193;160158;RIO CORRIENTES;4;198
1194;160157;POMONA;4;198
1195;160162;SIMON BOLIVAR (CAB. EN MUSHULLACTA);4;198
1196;160159;RIO TIGRE;4;198
1197;160163;TARQUI;4;198
1198;160161;SARAYACU;4;198
1199;160152;CANELOS;4;198
1200;160165;VERACRUZ (INDILLAMA) (CAB. EN INDILLAMA);4;198
1201;160154;DIEZ DE AGOSTO;4;198
1202;160156;MONTALVO (ANDOAS);4;198
1203;160155;FATIMA;4;198
1204;160166;EL TRIUNFO;4;198
1205;160164;TENIENTE HUGO ORTIZ;4;198
1206;160250;MERA;4;199
1207;160251;MADRE TIERRA;4;199
1208;160252;SHELL;4;199
1209;160350;SANTA CLARA;4;200
1210;160351;SAN JOSE;4;200
1211;160450;ARAJUNO;4;201
1212;160451;CURARAY;4;201
1213;170152;AMAGUAÑA;4;202
1214;170176;PINTAG;4;202
1215;170151;ALANGASI;4;202
1216;170164;LA MERCED;4;202
1217;170156;CONOCOTO;4;202
1218;170162;GUANGOPOLO;4;202
1219;170175;PIFO;4;202
1220;170157;CUMBAYA;4;202
1221;170170;NAYON;4;202
1222;170184;TUMBACO;4;202
1223;170186;ZAMBIZA;4;202
1224;170179;PUEMBO;4;202
1225;170165;LLANO CHICO;4;202
1226;170159;CHECA (CHILPA);4;202
1227;170166;LLOA;4;202
1228;170183;TABABELA;4;202
1229;170185;YARUQUI;4;202
1230;170160;EL QUINCHE;4;202
1231;170155;CALDERON (CARAPUNGO);4;202
1232;170150;QUITO;4;202
1233;170177;POMASQUI;4;202
1234;170163;GUAYLLABAMBA;4;202
1235;170171;NONO;4;202
1236;170178;PUELLARO;4;202
1237;170174;PERUCHO;4;202
1238;170180;SAN ANTONIO;4;202
1239;170158;CHAVEZPAMBA;4;202
1240;170169;NANEGALITO;4;202
1241;170154;CALACALI;4;202
1242;170153;ATAHUALPA (HABASPAMBA);4;202
1243;170168;NANEGAL;4;202
1244;170161;GUALEA;4;202
1245;170172;PACTO;4;202
1246;170181;SAN JOSE DE MINAS;4;202
1247;170108;CHILLOGALLO;4;202
1248;170111;GUAMANÍ;4;202
1249;170118;LA ECUATORIANA;4;202
1250;170126;QUITUMBE;4;202
1251;170132;TURUBAMBA;4;202
1252;170107;CHILIBULO;4;202
1253;170109;CHIMBACALLE;4;202
1254;170116;LA ARGELIA;4;202
1255;170119;LA FERROVIARIA;4;202
1256;170121;LA MAGDALENA;4;202
1257;170122;LA MENA;4;202
1258;170128;SAN BARTOLO;4;202
1259;170131;SOLANDA;4;202
1260;170103;CENTRO HISTÓRICO;4;202
1261;170113;ITCHIMBÍA;4;202
1262;170120;LA LIBERTAD;4;202
1263;170125;PUENGASÍ;4;202
1264;170130;SAN JUAN;4;202
1265;170101;BELISARIO QUEVEDO;4;202
1266;170104;COCHAPAMBA;4;202
1267;170112;IÑAQUITO;4;202
1268;170114;JIPIJAPA;4;202
1269;170115;KENNEDY;4;202
1270;170117;LA CONCEPCIÓN;4;202
1271;170123;MARISCAL SUCRE;4;202
1272;170127;RUMIPAMBA;4;202
1273;170129;SAN ISIDRO DEL INCA;4;202
1274;170102;CARCELÉN;4;202
1275;170105;COMITÉ DEL PUEBLO;4;202
1276;170106;COTOCOLLAO;4;202
1277;170110;EL CONDADO;4;202
1278;170124;PONCEANO;4;202
1279;170251;ASCAZUBI;4;203
1280;170255;SANTA ROSA DE CUZUBAMBA;4;203
1281;170254;OTON;4;203
1282;170252;CANGAHUA;4;203
1283;170256;SAN JOSE DE AYORA;4;203
1284;170253;OLMEDO (PESILLO);4;203
1285;170250;CAYAMBE;4;203
1286;170202;CAYAMBE;4;203
1287;170203;JUAN MONTALVO;4;203
1288;170350;MACHACHI;4;204
1289;170354;EL CHAUPI;4;204
1290;170352;ALOASI;4;204
1291;170356;TAMBILLO;4;204
1292;170357;UYUMBICHO;4;204
1293;170351;ALOAG;4;204
1294;170353;CUTUGLAHUA;4;204
1295;170355;MANUEL CORNEJO ASTORGA (TANDAPI);4;204
1296;170452;MALCHINGUI;4;205
1297;170451;LA ESPERANZA;4;205
1298;170454;TUPIGACHI;4;205
1299;170453;TOCACHI;4;205
1300;170450;TABACUNDO;4;205
1301;170550;SANGOLQUI;4;206
1302;170552;RUMIPAMBA;4;206
1303;170551;COTOGCHOA;4;206
1304;170501;SANGOLQUÍ;4;206
1305;170502;SAN PEDRO DE TABOADA;4;206
1306;170503;SAN RAFAEL;4;206
1307;170751;MINDO;4;207
1308;170750;SAN MIGUEL DE LOS BANCOS;4;207
1309;170850;PEDRO VICENTE MALDONADO;4;208
1310;170950;PUERTO QUITO;4;209
1311;180150;AMBATO;4;210
1312;180158;MONTALVO;4;210
1313;180166;TOTORAS;4;210
1314;180155;HUACHI GRANDE;4;210
1315;180157;JUAN BENIGNO VELA;4;210
1316;180165;SANTA ROSA;4;210
1317;180160;PICAIGUA;4;210
1318;180156;IZAMBA;4;210
1319;180152;ATAHUALPA (CHISALATA);4;210
1320;180161;PILAGUIN (PILAHUIN);4;210
1321;180159;PASA;4;210
1322;180163;SAN BARTOLOME DE PINLLO;4;210
1323;180151;AMBATILLO;4;210
1324;180154;CONSTANTINO FERNANDEZ (CAB. EN CULLITAHUA);4;210
1325;180168;UNAMUNCHO;4;210
1326;180164;SAN FERNANDO (PASA SAN FERNANDO);4;210
1327;180162;QUISAPINCHA (QUIZAPINCHA);4;210
1328;180153;AUGUSTO N. MARTINEZ (MUNDUGLEO);4;210
1329;180167;CUNCHIBAMBA;4;210
1330;180101;ATOCHA - FICOA;4;210
1331;180102;CELIANO MONGE;4;210
1332;180103;HUACHI CHICO;4;210
1333;180104;HUACHI LORETO;4;210
1334;180105;LA MERCED;4;210
1335;180106;LA PENÍNSULA;4;210
1336;180107;MATRIZ;4;210
1337;180108;PISHILATA;4;210
1338;180109;SAN FRANCISCO;4;210
1339;180250;BAÑOS DE AGUA SANTA;4;211
1340;180251;LLIGUA;4;211
1341;180254;ULBA;4;211
1342;180253;RIO VERDE;4;211
1343;180252;RIO NEGRO;4;211
1344;180350;CEVALLOS;4;212
1345;180450;MOCHA;4;213
1346;180451;PINGUILI;4;213
1347;180550;PATATE;4;214
1348;180552;LOS ANDES (CAB. EN POATUG);4;214
1349;180553;SUCRE (CAB. EN SUCRE-PATATE URCU);4;214
1350;180551;EL TRIUNFO;4;214
1351;180650;QUERO;4;215
1352;180652;YANAYACU- MOCHAPATA (CAB. EN YANAYACU);4;215
1353;180651;RUMIPAMBA;4;215
1354;180750;PELILEO;4;216
1355;180753;COTALO;4;216
1356;180757;GUAMBALO (HUAMBALO);4;216
1357;180752;BOLIVAR;4;216
1358;180751;BENITEZ (PACHANLICA);4;216
1359;180758;SALASACA;4;216
1360;180756;GARCIA MORENO (CHUMAQUI);4;216
1361;180755;EL ROSARIO (RUMICHACA);4;216
1362;180754;CHIQUICHA (CAB. EN CHIQUICHA GRANDE);4;216
1363;180701;PELILEO;4;216
1364;180702;PELILEO GRANDE;4;216
1365;180850;PILLARO;4;217
1366;180857;SAN MIGUELITO;4;217
1367;180851;BAQUERIZO MORENO;4;217
1368;180852;EMILIO MARIA TERAN (RUMIPAMBA);4;217
1369;180854;PRESIDENTE URBINA (CHAGRAPAMBA -PATZUCUL);4;217
1370;180853;MARCOS ESPINEL (CHACATA);4;217
1371;180855;SAN ANDRES;4;217
1372;180856;SAN JOSE DE POALO;4;217
1373;180801;CIUDAD NUEVA;4;217
1374;180802;PÍLLARO;4;217
1375;180950;TISALEO;4;218
1376;180951;QUINCHICOTO;4;218
1377;190150;ZAMORA;4;219
1378;190156;TIMBARA;4;219
1379;190158;SAN CARLOS DE LAS MINAS;4;219
1380;190151;CUMBARATZA;4;219
1381;190155;SABANILLA;4;219
1382;190152;GUADALUPE;4;219
1383;190153;IMBANA (LA VICTORIA DE IMBANA);4;219
1384;190101;EL LIMÓN;4;219
1385;190102;ZAMORA;4;219
1386;190250;ZUMBA;4;220
1387;190254;LA CHONTA;4;220
1388;190256;PUCAPAMBA;4;220
1389;190252;EL CHORRO;4;220
1390;190251;CHITO;4;220
1391;190259;SAN ANDRES;4;220
1392;190350;GUAYZIMI;4;221
1393;190352;NUEVO PARAISO;4;221
1394;190351;ZURMI;4;221
1395;190450;28 DE MAYO (SAN JOSE DE YACUAMBI);4;222
1396;190451;LA PAZ;4;222
1397;190452;TUTUPALI;4;222
1398;190550;YANTZAZA (YANZATZA);4;223
1399;190553;LOS ENCUENTROS;4;223
1400;190551;CHICAÑA;4;223
1401;190650;EL PANGUI;4;224
1402;190652;PACHICUTZA;4;224
1403;190653;TUNDAYME;4;224
1404;190651;EL GUISME;4;224
1405;190750;ZUMBI;4;225
1406;190752;TRIUNFO-DORADO;4;225
1407;190753;PANGUINTZA;4;225
1408;190850;PALANDA;4;226
1409;190852;SAN FRANCISCO DEL VERGEL;4;226
1410;190854;LA CANELA;4;226
1411;190851;EL PORVENIR DEL CARMEN;4;226
1412;190853;VALLADOLID;4;226
1413;190950;PAQUISHA;4;227
1414;190952;NUEVO QUITO;4;227
1415;190951;BELLAVISTA;4;227
1416;200151;EL PROGRESO;4;228
1417;200152;ISLA SANTA MARIA (FLOREANA) (CAB. EN PTO. VELASCO IBARRA);4;228
1418;200150;PUERTO BAQUERIZO MORENO;4;228
1419;200251;TOMAS DE BERLANGA (SANTO TOMAS);4;229
1420;200250;PUERTO VILLAMIL;4;229
1421;200351;BELLAVISTA;4;230
1422;200352;SANTA ROSA;4;230
1423;200350;PUERTO AYORA;4;230
1424;210150;NUEVA LOJA;4;231
1425;210155;EL ENO;4;231
1426;210152;DURENO;4;231
1427;210158;SANTA CECILIA;4;231
1428;210160;10 DE AGOSTO;4;231
1429;210156;PACAYACU;4;231
1430;210153;GENERAL FARFAN;4;231
1431;210157;JAMBELI;4;231
1432;210250;LUMBAQUI;4;232
1433;210252;GONZALO PIZARRO;4;232
1434;210251;EL REVENTADOR;4;232
1435;210254;PUERTO LIBRE;4;232
1436;210350;PUERTO EL CARMEN DEL PUTUMAYO;4;233
1437;210353;PUERTO RODRIGUEZ;4;233
1438;210352;PUERTO BOLIVAR (PUERTO MONTUFAR);4;233
1439;210351;PALMA ROJA;4;233
1440;210354;SANTA ELENA;4;233
1441;210450;SHUSHUFINDI;4;234
1442;210452;PAÑACOCHA;4;234
1443;210451;LIMONCOCHA;4;234
1444;210453;SAN ROQUE (CAB. EN SAN VICENTE);4;234
1445;210455;SIETE DE JULIO;4;234
1446;210454;SAN PEDRO DE LOS COFANES;4;234
1447;210550;LA BONITA;4;235
1448;210553;ROSA FLORIDA;4;235
1449;210552;LA SOFIA;4;235
1450;210551;EL PLAYON DE SAN FRANCISCO;4;235
1451;210554;SANTA BARBARA;4;235
1452;210650;EL DORADO DE CASCALES;4;236
1453;210652;SEVILLA;4;236
1454;210651;SANTA ROSA DE SUCUMBIOS;4;236
1455;210750;TARAPOA;4;237
1456;210751;CUYABENO;4;237
1457;210752;AGUAS NEGRAS;4;237
1458;220150;PUERTO FRANCISCO DE ORELLANA (EL COCA);4;238
1459;220157;INES ARANGO (CAB. EN WESTERN);4;238
1460;220158;LA BELLEZA;4;238
1461;220151;DAYUMA;4;238
1462;220156;GARCIA MORENO;4;238
1463;220154;EL DORADO;4;238
1464;220155;EL EDEN;4;238
1465;220152;TARACOA (NUEVA ESPERANZA: YUCA);4;238
1466;220153;ALEJANDRO LABAKA;4;238
1467;220161;SAN LUIS DE ARMENIA;4;238
1468;220159;NUEVO PARAISO (CAB. EN UNION );4;238
1469;220160;SAN JOSE DE GUAYUSA;4;238
1470;220250;NUEVO ROCAFUERTE;4;239
1471;220254;TIPUTINI;4;239
1472;220252;CONONACO;4;239
1473;220255;YASUNI;4;239
1474;220253;SANTA MARIA DE HUIRIRIMA;4;239
1475;220251;CAPITAN AUGUSTO RIVADENEYRA;4;239
1476;220350;LA JOYA DE LOS SACHAS;4;240
1477;220352;POMPEYA;4;240
1478;220353;SAN CARLOS;4;240
1479;220358;UNION MILAGREÑA;4;240
1480;220355;LAGO SAN PEDRO;4;240
1481;220351;ENOKANQUI;4;240
1482;220357;TRES DE NOVIEMBRE;4;240
1483;220354;SAN SEBASTIAN DEL COCA;4;240
1484;220356;RUMIPAMBA;4;240
1485;220450;LORETO;4;241
1486;220454;SAN JOSE DE DAHUANO;4;241
1487;220455;SAN VICENTE DE HUATICOCHA;4;241
1488;220451;AVILA (CAB. EN HUIRUNO);4;241
1489;220452;PUERTO MURIALDO;4;241
1490;220453;SAN JOSE DE PAYAMINO;4;241
1491;230150;SANTO DOMINGO DE LOS COLORADOS;4;242
1492;230157;SANTA MARIA DEL TOACHI;4;242
1493;230156;EL ESFUERZO;4;242
1494;230153;LUZ DE AMERICA;4;242
1495;230152;PUERTO LIMON;4;242
1496;230151;ALLURIQUIN;4;242
1497;230154;SAN JACINTO DEL BUA;4;242
1498;230155;VALLE HERMOSO;4;242
1499;230101;ABRAHAM CALAZACÓN;4;242
1500;230102;BOMBOLÍ;4;242
1501;230103;CHIGUILPE;4;242
1502;230104;RÍO TOACHI;4;242
1503;230105;RÍO VERDE;4;242
1504;230106;SANTO DOMINGO DE LOS COLORADOS;4;242
1505;230107;ZARACAY;4;242
1506;230250;LA CONCORDIA;4;243
1507;230252;LA VILLEGAS;4;243
1508;230253;PLAN PILOTO;4;243
1509;230251;MONTERREY;4;243
1510;240150;SANTA ELENA;4;244
1511;240151;ATAHUALPA;4;244
1512;240156;SAN JOSE DE ANCON;4;244
1513;240153;CHANDUY;4;244
1514;240155;SIMON BOLIVAR (JULIO MORENO);4;244
1515;240152;COLONCHE;4;244
1516;240154;MANGLARALTO;4;244
1517;240101;BALLENITA;4;244
1518;240102;SANTA ELENA;4;244
1519;240250;LA LIBERTAD;4;245
1520;240350;SALINAS;4;246
1521;240351;ANCONCITO;4;246
1522;240352;JOSE LUIS TAMAYO (MUEY);4;246
1523;240301;CARLOS ESPINOZA LARREA;4;246
1524;240302;GENERAL ALBERTO ENRÍQUEZ GALLO;4;246
1525;240303;VICENTE  ROCAFUERTE;4;246
1526;240304;SANTA ROSA;4;246
1527;040302;27 DE SEPTIEMBRE;4;57
1528;040301;EL ÁNGEL;4;57
1529;110801;GENERAL ELOY ALFARO (SAN SEBASTIÁN);4;137
1530;110802;MACARÁ  (MANUEL ENRIQUE RENGEL SUQUILANDA);4;137
1531;120701;10 DE NOVIEMBRE;4;152
1532;110105;CARIGÁN;4;130
1533;110106;PUNZARA;4;130
